country	countryLabel	capital	capitalLabel	currency	currencyLabel	area	population	continent	continentLabel
http://www.wikidata.org/entity/Q778	The Bahamas	http://www.wikidata.org/entity/Q2467	Nassau	http://www.wikidata.org/entity/Q194339	Bahamian dollar	13878	395361	http://www.wikidata.org/entity/Q49	North America
http://www.wikidata.org/entity/Q1019	Madagascar	http://www.wikidata.org/entity/Q3915	Antananarivo	http://www.wikidata.org/entity/Q4584	ariary	587295	25570895	http://www.wikidata.org/entity/Q15	Africa
http://www.wikidata.org/entity/Q1030	Namibia	http://www.wikidata.org/entity/Q3935	Windhoek	http://www.wikidata.org/entity/Q202462	Namibian dollar	825615	2533794	http://www.wikidata.org/entity/Q15	Africa
http://www.wikidata.org/entity/Q1032	Niger	http://www.wikidata.org/entity/Q3674	Niamey	http://www.wikidata.org/entity/Q861690	West African CFA franc	1267000	21477348	http://www.wikidata.org/entity/Q15	Africa
http://www.wikidata.org/entity/Q1014	Liberia	http://www.wikidata.org/entity/Q3748	Monrovia	http://www.wikidata.org/entity/Q4917	United States dollar	111369	4731906	http://www.wikidata.org/entity/Q15	Africa
http://www.wikidata.org/entity/Q769	Grenada	http://www.wikidata.org/entity/Q41547	St. George's	http://www.wikidata.org/entity/Q26365	Eastern Caribbean dollar	348.5	107825	http://www.wikidata.org/entity/Q49	North America
http://www.wikidata.org/entity/Q781	Antigua and Barbuda	http://www.wikidata.org/entity/Q36262	Saint John's	http://www.wikidata.org/entity/Q26365	Eastern Caribbean dollar	440.29	102012	http://www.wikidata.org/entity/Q49	North America
http://www.wikidata.org/entity/Q1014	Liberia	http://www.wikidata.org/entity/Q3748	Monrovia	http://www.wikidata.org/entity/Q242988	Liberian dollar	111369	4731906	http://www.wikidata.org/entity/Q15	Africa
http://www.wikidata.org/entity/Q1016	Libya	http://www.wikidata.org/entity/Q3579	Tripoli	http://www.wikidata.org/entity/Q190699	Libyan dinar	1759541	6678567	http://www.wikidata.org/entity/Q15	Africa
http://www.wikidata.org/entity/Q1020	Malawi	http://www.wikidata.org/entity/Q3876	Lilongwe	http://www.wikidata.org/entity/Q211694	Malawian kwacha	118484.186083	18622104	http://www.wikidata.org/entity/Q15	Africa
http://www.wikidata.org/entity/Q917	Bhutan	http://www.wikidata.org/entity/Q9270	Thimphu	http://www.wikidata.org/entity/Q201799	ngultrum	38394	807610	http://www.wikidata.org/entity/Q48	Asia
http://www.wikidata.org/entity/Q1028	Morocco	http://www.wikidata.org/entity/Q3551	Rabat	http://www.wikidata.org/entity/Q200192	Moroccan dirham	710850	36029138	http://www.wikidata.org/entity/Q15	Africa
http://www.wikidata.org/entity/Q1013	Lesotho	http://www.wikidata.org/entity/Q3909	Maseru	http://www.wikidata.org/entity/Q208039	Lesotho loti	30355	2233339	http://www.wikidata.org/entity/Q15	Africa
http://www.wikidata.org/entity/Q691	Papua New Guinea	http://www.wikidata.org/entity/Q36526	Port Moresby	http://www.wikidata.org/entity/Q200759	kina	462840	8935000	http://www.wikidata.org/entity/Q538	insular Oceania
http://www.wikidata.org/entity/Q33	Finland	http://www.wikidata.org/entity/Q1757	Helsinki	http://www.wikidata.org/entity/Q4916	euro	338424.38	5501043	http://www.wikidata.org/entity/Q46	Europe
http://www.wikidata.org/entity/Q702	Federated States of Micronesia	http://www.wikidata.org/entity/Q42751	Palikir	http://www.wikidata.org/entity/Q4917	United States dollar	702	105544	http://www.wikidata.org/entity/Q538	insular Oceania
http://www.wikidata.org/entity/Q672	Tuvalu	http://www.wikidata.org/entity/Q34126	Funafuti	http://www.wikidata.org/entity/Q259502	Australian dollar	26	11192	http://www.wikidata.org/entity/Q538	insular Oceania
http://www.wikidata.org/entity/Q672	Tuvalu	http://www.wikidata.org/entity/Q34126	Funafuti	http://www.wikidata.org/entity/Q259502	Australian dollar	26	11192	http://www.wikidata.org/entity/Q538	insular Oceania
http://www.wikidata.org/entity/Q1029	Mozambique	http://www.wikidata.org/entity/Q3889	Maputo	http://www.wikidata.org/entity/Q200753	Mozambican metical	801590	29668834	http://www.wikidata.org/entity/Q15	Africa
http://www.wikidata.org/entity/Q1027	Mauritius	http://www.wikidata.org/entity/Q3929	Port Louis	http://www.wikidata.org/entity/Q212967	Mauritian rupee	2040	1264613	http://www.wikidata.org/entity/Q15	Africa
http://www.wikidata.org/entity/Q35	Denmark	http://www.wikidata.org/entity/Q1748	Copenhagen	http://www.wikidata.org/entity/Q25417	Danish krone	42925.46	5827463	http://www.wikidata.org/entity/Q49	North America
http://www.wikidata.org/entity/Q35	Denmark	http://www.wikidata.org/entity/Q1748	Copenhagen	http://www.wikidata.org/entity/Q25417	Danish krone	42925.46	5827463	http://www.wikidata.org/entity/Q49	North America
http://www.wikidata.org/entity/Q17	Japan	http://www.wikidata.org/entity/Q1490	Tokyo	http://www.wikidata.org/entity/Q8146	Japanese yen	377972.28	126434565	http://www.wikidata.org/entity/Q48	Asia
http://www.wikidata.org/entity/Q35	Denmark	http://www.wikidata.org/entity/Q1748	Copenhagen	http://www.wikidata.org/entity/Q25417	Danish krone	42925.46	5827463	http://www.wikidata.org/entity/Q46	Europe
http://www.wikidata.org/entity/Q35	Denmark	http://www.wikidata.org/entity/Q1748	Copenhagen	http://www.wikidata.org/entity/Q25417	Danish krone	42925.46	5827463	http://www.wikidata.org/entity/Q46	Europe
http://www.wikidata.org/entity/Q709	Marshall Islands	http://www.wikidata.org/entity/Q12919	Majuro	http://www.wikidata.org/entity/Q4917	United States dollar	181.43	53127	http://www.wikidata.org/entity/Q538	insular Oceania
http://www.wikidata.org/entity/Q1025	Mauritania	http://www.wikidata.org/entity/Q3688	Nouakchott	http://www.wikidata.org/entity/Q207024	Mauritanian ouguiya	1030700	4420184	http://www.wikidata.org/entity/Q15	Africa
http://www.wikidata.org/entity/Q672	Tuvalu	http://www.wikidata.org/entity/Q34126	Funafuti	http://www.wikidata.org/entity/Q4406	Tuvaluan dollar	26	11192	http://www.wikidata.org/entity/Q538	insular Oceania
http://www.wikidata.org/entity/Q672	Tuvalu	http://www.wikidata.org/entity/Q34126	Funafuti	http://www.wikidata.org/entity/Q4406	Tuvaluan dollar	26	11192	http://www.wikidata.org/entity/Q538	insular Oceania
http://www.wikidata.org/entity/Q678	Tonga	http://www.wikidata.org/entity/Q38834	Nuku'alofa	http://www.wikidata.org/entity/Q4613	Tongan paʻanga	748.506563	108020	http://www.wikidata.org/entity/Q538	insular Oceania
http://www.wikidata.org/entity/Q712	Fiji	http://www.wikidata.org/entity/Q38807	Suva	http://www.wikidata.org/entity/Q4592	Fijian dollar	18274	905502	http://www.wikidata.org/entity/Q538	insular Oceania
http://www.wikidata.org/entity/Q709	Marshall Islands	http://www.wikidata.org/entity/Q12919	Majuro	http://www.wikidata.org/entity/Q96051466	SOV	181.43	53127	http://www.wikidata.org/entity/Q538	insular Oceania
http://www.wikidata.org/entity/Q695	Palau	http://www.wikidata.org/entity/Q515229	Ngerulmud	http://www.wikidata.org/entity/Q4917	United States dollar	465.550362	21729	http://www.wikidata.org/entity/Q538	insular Oceania
http://www.wikidata.org/entity/Q685	Solomon Islands	http://www.wikidata.org/entity/Q40921	Honiara	http://www.wikidata.org/entity/Q4597	Solomon Islands dollar	28400	611343	http://www.wikidata.org/entity/Q538	insular Oceania
http://www.wikidata.org/entity/Q685	Solomon Islands	http://www.wikidata.org/entity/Q40921	Honiara	http://www.wikidata.org/entity/Q4597	Solomon Islands dollar	28400	611343	http://www.wikidata.org/entity/Q538	insular Oceania
http://www.wikidata.org/entity/Q43	Turkey	http://www.wikidata.org/entity/Q3640	Ankara	http://www.wikidata.org/entity/Q172872	Turkish lira	783562	83614362	http://www.wikidata.org/entity/Q46	Europe
http://www.wikidata.org/entity/Q691	Papua New Guinea	http://www.wikidata.org/entity/Q36526	Port Moresby	http://www.wikidata.org/entity/Q200759	kina	462840	8935000	http://www.wikidata.org/entity/Q538	insular Oceania
http://www.wikidata.org/entity/Q668	India	http://www.wikidata.org/entity/Q987	New Delhi	http://www.wikidata.org/entity/Q80524	Indian rupee	3287263	1326093247	http://www.wikidata.org/entity/Q48	Asia
http://www.wikidata.org/entity/Q757	Saint Vincent and the Grenadines	http://www.wikidata.org/entity/Q41474	Kingstown	http://www.wikidata.org/entity/Q26365	Eastern Caribbean dollar	389	109897	http://www.wikidata.org/entity/Q49	North America
http://www.wikidata.org/entity/Q683	Samoa	http://www.wikidata.org/entity/Q36260	Apia	http://www.wikidata.org/entity/Q4588	Samoan tālā	2842	196440	http://www.wikidata.org/entity/Q538	insular Oceania
http://www.wikidata.org/entity/Q20	Norway	http://www.wikidata.org/entity/Q585	Oslo	http://www.wikidata.org/entity/Q132643	Norwegian krone	385207	5391369	http://www.wikidata.org/entity/Q46	Europe
http://www.wikidata.org/entity/Q710	Kiribati	http://www.wikidata.org/entity/Q131233	South Tarawa	http://www.wikidata.org/entity/Q259502	Australian dollar	811	119940	http://www.wikidata.org/entity/Q538	insular Oceania
http://www.wikidata.org/entity/Q710	Kiribati	http://www.wikidata.org/entity/Q131233	South Tarawa	http://www.wikidata.org/entity/Q1049963	Kiribati dollar	811	119940	http://www.wikidata.org/entity/Q538	insular Oceania
http://www.wikidata.org/entity/Q686	Vanuatu	http://www.wikidata.org/entity/Q37806	Port Vila	http://www.wikidata.org/entity/Q207523	Vanuatu vatus	12190	276244	http://www.wikidata.org/entity/Q538	insular Oceania
http://www.wikidata.org/entity/Q697	Nauru	http://www.wikidata.org/entity/Q31026	Yaren District	http://www.wikidata.org/entity/Q259502	Australian dollar	21	13650	http://www.wikidata.org/entity/Q538	insular Oceania
http://www.wikidata.org/entity/Q43	Turkey	http://www.wikidata.org/entity/Q3640	Ankara	http://www.wikidata.org/entity/Q172872	Turkish lira	783562	83614362	http://www.wikidata.org/entity/Q5401	Eurasia
http://www.wikidata.org/entity/Q43	Turkey	http://www.wikidata.org/entity/Q3640	Ankara	http://www.wikidata.org/entity/Q172872	Turkish lira	783562	83614362	http://www.wikidata.org/entity/Q48	Asia
http://www.wikidata.org/entity/Q717	Venezuela	http://www.wikidata.org/entity/Q1533	Caracas	http://www.wikidata.org/entity/Q56349362	Sovereign Bolivar	916445	28515829	http://www.wikidata.org/entity/Q18	South America
http://www.wikidata.org/entity/Q730	Suriname	http://www.wikidata.org/entity/Q3001	Paramaribo	http://www.wikidata.org/entity/Q202036	Surinamese dollar	163270	563402	http://www.wikidata.org/entity/Q18	South America
http://www.wikidata.org/entity/Q1039	São Tomé and Príncipe	http://www.wikidata.org/entity/Q3932	São Tomé	http://www.wikidata.org/entity/Q193712	São Tomé and Príncipe dobra	1001	204327	http://www.wikidata.org/entity/Q15	Africa
http://www.wikidata.org/entity/Q27	Ireland	http://www.wikidata.org/entity/Q1761	Dublin	http://www.wikidata.org/entity/Q4916	euro	70273	4761865	http://www.wikidata.org/entity/Q46	Europe
http://www.wikidata.org/entity/Q766	Jamaica	http://www.wikidata.org/entity/Q34692	Kingston	http://www.wikidata.org/entity/Q209792	Jamaican dollar	10991.90954	2890299	http://www.wikidata.org/entity/Q49	North America
http://www.wikidata.org/entity/Q1033	Nigeria	http://www.wikidata.org/entity/Q3787	Abuja	http://www.wikidata.org/entity/Q203567	Nigerian naira	923768	190886311	http://www.wikidata.org/entity/Q15	Africa
http://www.wikidata.org/entity/Q16	Canada	http://www.wikidata.org/entity/Q1930	Ottawa	http://www.wikidata.org/entity/Q1104069	Canadian dollar	9984670	37894799	http://www.wikidata.org/entity/Q49	North America
http://www.wikidata.org/entity/Q1037	Rwanda	http://www.wikidata.org/entity/Q3859	Kigali	http://www.wikidata.org/entity/Q4741	Rwandan franc	26338	12208407	http://www.wikidata.org/entity/Q15	Africa
http://www.wikidata.org/entity/Q763	Saint Kitts and Nevis	http://www.wikidata.org/entity/Q41295	Basseterre	http://www.wikidata.org/entity/Q26365	Eastern Caribbean dollar	269.358763	55345	http://www.wikidata.org/entity/Q49	North America
http://www.wikidata.org/entity/Q736	Ecuador	http://www.wikidata.org/entity/Q2900	Quito	http://www.wikidata.org/entity/Q4917	United States dollar	283560	16624858	http://www.wikidata.org/entity/Q18	South America
http://www.wikidata.org/entity/Q711	Mongolia	http://www.wikidata.org/entity/Q23430	Ulaanbaatar	http://www.wikidata.org/entity/Q183435	tugrik	1566000	3075647	http://www.wikidata.org/entity/Q48	Asia
http://www.wikidata.org/entity/Q760	Saint Lucia	http://www.wikidata.org/entity/Q41699	Castries	http://www.wikidata.org/entity/Q26365	Eastern Caribbean dollar	617.012867	178844	http://www.wikidata.org/entity/Q49	North America
http://www.wikidata.org/entity/Q45	Portugal	http://www.wikidata.org/entity/Q597	Lisbon	http://www.wikidata.org/entity/Q4916	euro	92212	10295909	http://www.wikidata.org/entity/Q46	Europe
http://www.wikidata.org/entity/Q28	Hungary	http://www.wikidata.org/entity/Q1781	Budapest	http://www.wikidata.org/entity/Q47190	forint	93011.4	9769526	http://www.wikidata.org/entity/Q46	Europe
http://www.wikidata.org/entity/Q1044	Sierra Leone	http://www.wikidata.org/entity/Q3780	Freetown	http://www.wikidata.org/entity/Q4587	Sierra Leonean leone	71740	7557212	http://www.wikidata.org/entity/Q15	Africa
http://www.wikidata.org/entity/Q1036	Uganda	http://www.wikidata.org/entity/Q3894	Kampala	http://www.wikidata.org/entity/Q4598	Ugandan shilling	241038	42862958	http://www.wikidata.org/entity/Q15	Africa
http://www.wikidata.org/entity/Q739	Colombia	http://www.wikidata.org/entity/Q2841	Bogotá	http://www.wikidata.org/entity/Q244819	Colombian cincuenta centavos	1141748	49065615	http://www.wikidata.org/entity/Q18	South America
http://www.wikidata.org/entity/Q29	Spain	http://www.wikidata.org/entity/Q2807	Madrid	http://www.wikidata.org/entity/Q4916	euro	505990	46733038	http://www.wikidata.org/entity/Q46	Europe
http://www.wikidata.org/entity/Q31	Belgium	http://www.wikidata.org/entity/Q239	City of Brussels	http://www.wikidata.org/entity/Q4916	euro	30528	11431406	http://www.wikidata.org/entity/Q46	Europe
http://www.wikidata.org/entity/Q1041	Senegal	http://www.wikidata.org/entity/Q3718	Dakar	http://www.wikidata.org/entity/Q861690	West African CFA franc	196722	15850567	http://www.wikidata.org/entity/Q15	Africa
http://www.wikidata.org/entity/Q750	Bolivia	http://www.wikidata.org/entity/Q2907	Sucre	http://www.wikidata.org/entity/Q200737	boliviano	1098581	11051600	http://www.wikidata.org/entity/Q18	South America
http://www.wikidata.org/entity/Q1042	Seychelles	http://www.wikidata.org/entity/Q3940	Victoria	http://www.wikidata.org/entity/Q4595	Seychellois rupee	459	95843	http://www.wikidata.org/entity/Q15	Africa
http://www.wikidata.org/entity/Q79	Egypt	http://www.wikidata.org/entity/Q85	Cairo	http://www.wikidata.org/entity/Q199462	Egyptian pound	1010407.87	94798827	http://www.wikidata.org/entity/Q15	Africa
http://www.wikidata.org/entity/Q733	Paraguay	http://www.wikidata.org/entity/Q2933	Asunción	http://www.wikidata.org/entity/Q207514	Paraguayan guaraní	406756	6811297	http://www.wikidata.org/entity/Q18	South America
http://www.wikidata.org/entity/Q79	Egypt	http://www.wikidata.org/entity/Q85	Cairo	http://www.wikidata.org/entity/Q199462	Egyptian pound	1010407.87	94798827	http://www.wikidata.org/entity/Q48	Asia
http://www.wikidata.org/entity/Q32	Luxembourg	http://www.wikidata.org/entity/Q1842	Luxembourg	http://www.wikidata.org/entity/Q4916	euro	2586.4	626108	http://www.wikidata.org/entity/Q46	Europe
http://www.wikidata.org/entity/Q750	Bolivia	http://www.wikidata.org/entity/Q1491	La Paz	http://www.wikidata.org/entity/Q200737	boliviano	1098581	11051600	http://www.wikidata.org/entity/Q18	South America
http://www.wikidata.org/entity/Q30	United States of America	http://www.wikidata.org/entity/Q61	Washington, D.C.	http://www.wikidata.org/entity/Q4917	United States dollar	9826675	331449281	http://www.wikidata.org/entity/Q49	North America
http://www.wikidata.org/entity/Q33	Finland	http://www.wikidata.org/entity/Q1757	Helsinki	http://www.wikidata.org/entity/Q4916	euro	338424.38	5501043	http://www.wikidata.org/entity/Q46	Europe
http://www.wikidata.org/entity/Q30	United States of America	http://www.wikidata.org/entity/Q61	Washington, D.C.	http://www.wikidata.org/entity/Q4917	United States dollar	9826675	331449281	http://www.wikidata.org/entity/Q538	insular Oceania
http://www.wikidata.org/entity/Q142	France	http://www.wikidata.org/entity/Q90	Paris	http://www.wikidata.org/entity/Q4916	euro	643801	66628000	http://www.wikidata.org/entity/Q46	Europe
http://www.wikidata.org/entity/Q145	United Kingdom	http://www.wikidata.org/entity/Q84	London	http://www.wikidata.org/entity/Q25224	pound sterling	242495.406794	66022273	http://www.wikidata.org/entity/Q46	Europe
http://www.wikidata.org/entity/Q1049	Sudan	http://www.wikidata.org/entity/Q1963	Khartoum	http://www.wikidata.org/entity/Q271206	Sudanese pound	1886068	40533330	http://www.wikidata.org/entity/Q15	Africa
http://www.wikidata.org/entity/Q734	Guyana	http://www.wikidata.org/entity/Q10717	Georgetown	http://www.wikidata.org/entity/Q213005	Guyanese dollar	214970	777859	http://www.wikidata.org/entity/Q18	South America
http://www.wikidata.org/entity/Q37	Lithuania	http://www.wikidata.org/entity/Q216	Vilnius	http://www.wikidata.org/entity/Q4916	euro	65300	2790842	http://www.wikidata.org/entity/Q46	Europe
http://www.wikidata.org/entity/Q756617	Danish Realm	http://www.wikidata.org/entity/Q1748	Copenhagen	http://www.wikidata.org/entity/Q191068	Faroese króna	2220930	5930987	http://www.wikidata.org/entity/Q46	Europe
http://www.wikidata.org/entity/Q756617	Danish Realm	http://www.wikidata.org/entity/Q1748	Copenhagen	http://www.wikidata.org/entity/Q25417	Danish krone	2220930	5930987	http://www.wikidata.org/entity/Q46	Europe
http://www.wikidata.org/entity/Q756617	Danish Realm	http://www.wikidata.org/entity/Q1748	Copenhagen	http://www.wikidata.org/entity/Q25417	Danish krone	2220930	5930987	http://www.wikidata.org/entity/Q49	North America
http://www.wikidata.org/entity/Q756617	Danish Realm	http://www.wikidata.org/entity/Q1748	Copenhagen	http://www.wikidata.org/entity/Q191068	Faroese króna	2220930	5930987	http://www.wikidata.org/entity/Q49	North America
http://www.wikidata.org/entity/Q1045	Somalia	http://www.wikidata.org/entity/Q2449	Mogadishu	http://www.wikidata.org/entity/Q4603	Somali shilling	637657	11031386	http://www.wikidata.org/entity/Q15	Africa
http://www.wikidata.org/entity/Q35	Denmark	http://www.wikidata.org/entity/Q1748	Copenhagen	http://www.wikidata.org/entity/Q25417	Danish krone	42925.46	5827463	http://www.wikidata.org/entity/Q46	Europe
http://www.wikidata.org/entity/Q1050	Eswatini	http://www.wikidata.org/entity/Q3904	Mbabane	http://www.wikidata.org/entity/Q4823	lilangeni	17364	1124753	http://www.wikidata.org/entity/Q15	Africa
http://www.wikidata.org/entity/Q35	Denmark	http://www.wikidata.org/entity/Q1748	Copenhagen	http://www.wikidata.org/entity/Q25417	Danish krone	42925.46	5827463	http://www.wikidata.org/entity/Q49	North America
http://www.wikidata.org/entity/Q763	Saint Kitts and Nevis	http://www.wikidata.org/entity/Q41295	Basseterre	http://www.wikidata.org/entity/Q26365	Eastern Caribbean dollar	269.358763	55345	http://www.wikidata.org/entity/Q49	North America
http://www.wikidata.org/entity/Q1050	Eswatini	http://www.wikidata.org/entity/Q101418	Lobamba	http://www.wikidata.org/entity/Q4823	lilangeni	17364	1124753	http://www.wikidata.org/entity/Q15	Africa
http://www.wikidata.org/entity/Q211	Latvia	http://www.wikidata.org/entity/Q1773	Riga	http://www.wikidata.org/entity/Q4916	euro	64589	1909000	http://www.wikidata.org/entity/Q46	Europe
http://www.wikidata.org/entity/Q858	Syria	http://www.wikidata.org/entity/Q3766	Damascus	http://www.wikidata.org/entity/Q240468	Syrian pound	185180	18499181	http://www.wikidata.org/entity/Q48	Asia
http://www.wikidata.org/entity/Q754	Trinidad and Tobago	http://www.wikidata.org/entity/Q39178	Port of Spain	http://www.wikidata.org/entity/Q242890	Trinidad and Tobago dollar	5128	1369125	http://www.wikidata.org/entity/Q49	North America
http://www.wikidata.org/entity/Q757	Saint Vincent and the Grenadines	http://www.wikidata.org/entity/Q41474	Kingstown	http://www.wikidata.org/entity/Q26365	Eastern Caribbean dollar	389	109897	http://www.wikidata.org/entity/Q49	North America
http://www.wikidata.org/entity/Q783	Honduras	http://www.wikidata.org/entity/Q3238	Tegucigalpa	http://www.wikidata.org/entity/Q4719	Honduran lempira	112492	9265067	http://www.wikidata.org/entity/Q49	North America
http://www.wikidata.org/entity/Q29999	Kingdom of the Netherlands	http://www.wikidata.org/entity/Q727	Amsterdam	http://www.wikidata.org/entity/Q4916	euro	42201	17100715	http://www.wikidata.org/entity/Q46	Europe
http://www.wikidata.org/entity/Q29999	Kingdom of the Netherlands	http://www.wikidata.org/entity/Q727	Amsterdam	http://www.wikidata.org/entity/Q4916	euro	42201	17100715	http://www.wikidata.org/entity/Q49	North America
http://www.wikidata.org/entity/Q224	Croatia	http://www.wikidata.org/entity/Q1435	Zagreb	http://www.wikidata.org/entity/Q26360	Croatian kuna	56594	4105493	http://www.wikidata.org/entity/Q46	Europe
http://www.wikidata.org/entity/Q34	Sweden	http://www.wikidata.org/entity/Q1754	Stockholm	http://www.wikidata.org/entity/Q122922	Swedish krona	528861.06	10379295	http://www.wikidata.org/entity/Q46	Europe
http://www.wikidata.org/entity/Q784	Dominica	http://www.wikidata.org/entity/Q36281	Roseau	http://www.wikidata.org/entity/Q26365	Eastern Caribbean dollar	751.096551	73925	http://www.wikidata.org/entity/Q49	North America
http://www.wikidata.org/entity/Q262	Algeria	http://www.wikidata.org/entity/Q3561	Algiers	http://www.wikidata.org/entity/Q199674	Algerian dinar	2381741	41318142	http://www.wikidata.org/entity/Q15	Africa
http://www.wikidata.org/entity/Q769	Grenada	http://www.wikidata.org/entity/Q41547	St. George's	http://www.wikidata.org/entity/Q26365	Eastern Caribbean dollar	348.5	107825	http://www.wikidata.org/entity/Q49	North America
http://www.wikidata.org/entity/Q778	The Bahamas	http://www.wikidata.org/entity/Q2467	Nassau	http://www.wikidata.org/entity/Q194339	Bahamian dollar	13878	395361	http://www.wikidata.org/entity/Q49	North America
http://www.wikidata.org/entity/Q236	Montenegro	http://www.wikidata.org/entity/Q23564	Podgorica	http://www.wikidata.org/entity/Q4916	euro	13812	622359	http://www.wikidata.org/entity/Q46	Europe
http://www.wikidata.org/entity/Q948	Tunisia	http://www.wikidata.org/entity/Q3572	Tunis	http://www.wikidata.org/entity/Q4602	Tunisian dinar	163610	11565204	http://www.wikidata.org/entity/Q15	Africa
http://www.wikidata.org/entity/Q822	Lebanon	http://www.wikidata.org/entity/Q3820	Beirut	http://www.wikidata.org/entity/Q201880	Lebanese pound	10452	6100075	http://www.wikidata.org/entity/Q48	Asia
http://www.wikidata.org/entity/Q801	Israel	http://www.wikidata.org/entity/Q1218	Jerusalem	http://www.wikidata.org/entity/Q131309	new shekel	20770	9093000	http://www.wikidata.org/entity/Q48	Asia
http://www.wikidata.org/entity/Q1016	Libya	http://www.wikidata.org/entity/Q3579	Tripoli	http://www.wikidata.org/entity/Q190699	Libyan dinar	1759541	6678567	http://www.wikidata.org/entity/Q15	Africa
http://www.wikidata.org/entity/Q774	Guatemala	http://www.wikidata.org/entity/Q1555	Guatemala City	http://www.wikidata.org/entity/Q207396	quetzal	108889	17263239	http://www.wikidata.org/entity/Q49	North America
http://www.wikidata.org/entity/Q786	Dominican Republic	http://www.wikidata.org/entity/Q34820	Santo Domingo	http://www.wikidata.org/entity/Q242922	Dominican peso	48670.82	10403761	http://www.wikidata.org/entity/Q49	North America
http://www.wikidata.org/entity/Q40	Austria	http://www.wikidata.org/entity/Q1741	Vienna	http://www.wikidata.org/entity/Q4916	euro	83878.99	8809212	http://www.wikidata.org/entity/Q46	Europe
http://www.wikidata.org/entity/Q781	Antigua and Barbuda	http://www.wikidata.org/entity/Q36262	Saint John's	http://www.wikidata.org/entity/Q26365	Eastern Caribbean dollar	440.29	102012	http://www.wikidata.org/entity/Q49	North America
http://www.wikidata.org/entity/Q29999	Kingdom of the Netherlands	http://www.wikidata.org/entity/Q727	Amsterdam	http://www.wikidata.org/entity/Q4916	euro	42201	17100715	http://www.wikidata.org/entity/Q46	Europe
http://www.wikidata.org/entity/Q38	Italy	http://www.wikidata.org/entity/Q220	Rome	http://www.wikidata.org/entity/Q4916	euro	301338	60317000	http://www.wikidata.org/entity/Q46	Europe
http://www.wikidata.org/entity/Q29999	Kingdom of the Netherlands	http://www.wikidata.org/entity/Q727	Amsterdam	http://www.wikidata.org/entity/Q4916	euro	42201	17100715	http://www.wikidata.org/entity/Q49	North America
http://www.wikidata.org/entity/Q794	Iran	http://www.wikidata.org/entity/Q3616	Tehran	http://www.wikidata.org/entity/Q188608	Iranian rial	1648195	79966230	http://www.wikidata.org/entity/Q48	Asia
http://www.wikidata.org/entity/Q792	El Salvador	http://www.wikidata.org/entity/Q3110	San Salvador	http://www.wikidata.org/entity/Q4917	United States dollar	20742	6420746	http://www.wikidata.org/entity/Q49	North America
http://www.wikidata.org/entity/Q41	Greece	http://www.wikidata.org/entity/Q1524	Athens	http://www.wikidata.org/entity/Q4916	euro	131957	10760421	http://www.wikidata.org/entity/Q46	Europe
http://www.wikidata.org/entity/Q804	Panama	http://www.wikidata.org/entity/Q3306	Panama City	http://www.wikidata.org/entity/Q4917	United States dollar	74177.3	4098587	http://www.wikidata.org/entity/Q18	South America
http://www.wikidata.org/entity/Q45	Portugal	http://www.wikidata.org/entity/Q597	Lisbon	http://www.wikidata.org/entity/Q4916	euro	92212	10295909	http://www.wikidata.org/entity/Q46	Europe
http://www.wikidata.org/entity/Q36	Poland	http://www.wikidata.org/entity/Q270	Warsaw	http://www.wikidata.org/entity/Q123213	złoty	312683	38382576	http://www.wikidata.org/entity/Q46	Europe
http://www.wikidata.org/entity/Q811	Nicaragua	http://www.wikidata.org/entity/Q3274	Managua	http://www.wikidata.org/entity/Q207312	Nicaraguan córdoba	130375	6217581	http://www.wikidata.org/entity/Q27611	Central America
http://www.wikidata.org/entity/Q756617	Danish Realm	http://www.wikidata.org/entity/Q1748	Copenhagen	http://www.wikidata.org/entity/Q25417	Danish krone	2220930	5930987	http://www.wikidata.org/entity/Q46	Europe
http://www.wikidata.org/entity/Q804	Panama	http://www.wikidata.org/entity/Q3306	Panama City	http://www.wikidata.org/entity/Q4917	United States dollar	74177.3	4098587	http://www.wikidata.org/entity/Q49	North America
http://www.wikidata.org/entity/Q801	Israel	http://www.wikidata.org/entity/Q1218	Jerusalem	http://www.wikidata.org/entity/Q131309	new shekel	20770	9093000	http://www.wikidata.org/entity/Q48	Asia
http://www.wikidata.org/entity/Q756617	Danish Realm	http://www.wikidata.org/entity/Q1748	Copenhagen	http://www.wikidata.org/entity/Q25417	Danish krone	2220930	5930987	http://www.wikidata.org/entity/Q49	North America
http://www.wikidata.org/entity/Q756617	Danish Realm	http://www.wikidata.org/entity/Q1748	Copenhagen	http://www.wikidata.org/entity/Q191068	Faroese króna	2220930	5930987	http://www.wikidata.org/entity/Q46	Europe
http://www.wikidata.org/entity/Q766	Jamaica	http://www.wikidata.org/entity/Q34692	Kingston	http://www.wikidata.org/entity/Q209792	Jamaican dollar	10991.90954	2890299	http://www.wikidata.org/entity/Q49	North America
http://www.wikidata.org/entity/Q800	Costa Rica	http://www.wikidata.org/entity/Q3070	San José	http://www.wikidata.org/entity/Q242915	Costa Rican colón	51100	4905769	http://www.wikidata.org/entity/Q49	North America
http://www.wikidata.org/entity/Q756617	Danish Realm	http://www.wikidata.org/entity/Q1748	Copenhagen	http://www.wikidata.org/entity/Q191068	Faroese króna	2220930	5930987	http://www.wikidata.org/entity/Q49	North America
http://www.wikidata.org/entity/Q1028	Morocco	http://www.wikidata.org/entity/Q3551	Rabat	http://www.wikidata.org/entity/Q200192	Moroccan dirham	710850	36029138	http://www.wikidata.org/entity/Q15	Africa
http://www.wikidata.org/entity/Q760	Saint Lucia	http://www.wikidata.org/entity/Q41699	Castries	http://www.wikidata.org/entity/Q26365	Eastern Caribbean dollar	617.012867	178844	http://www.wikidata.org/entity/Q49	North America
http://www.wikidata.org/entity/Q796	Iraq	http://www.wikidata.org/entity/Q1530	Baghdad	http://www.wikidata.org/entity/Q193094	Iraqi dinar	437072	38274618	http://www.wikidata.org/entity/Q48	Asia
http://www.wikidata.org/entity/Q43	Turkey	http://www.wikidata.org/entity/Q3640	Ankara	http://www.wikidata.org/entity/Q172872	Turkish lira	783562	83614362	http://www.wikidata.org/entity/Q46	Europe
http://www.wikidata.org/entity/Q804	Panama	http://www.wikidata.org/entity/Q3306	Panama City	http://www.wikidata.org/entity/Q210472	Panamanian balboa	74177.3	4098587	http://www.wikidata.org/entity/Q49	North America
http://www.wikidata.org/entity/Q792	El Salvador	http://www.wikidata.org/entity/Q3110	San Salvador	http://www.wikidata.org/entity/Q131723	bitcoin	20742	6420746	http://www.wikidata.org/entity/Q49	North America
http://www.wikidata.org/entity/Q79	Egypt	http://www.wikidata.org/entity/Q85	Cairo	http://www.wikidata.org/entity/Q199462	Egyptian pound	1010407.87	94798827	http://www.wikidata.org/entity/Q15	Africa
http://www.wikidata.org/entity/Q114	Kenya	http://www.wikidata.org/entity/Q3870	Nairobi	http://www.wikidata.org/entity/Q202882	Kenyan shilling	581309	48468138	http://www.wikidata.org/entity/Q15	Africa
http://www.wikidata.org/entity/Q804	Panama	http://www.wikidata.org/entity/Q3306	Panama City	http://www.wikidata.org/entity/Q210472	Panamanian balboa	74177.3	4098587	http://www.wikidata.org/entity/Q18	South America
http://www.wikidata.org/entity/Q810	Jordan	http://www.wikidata.org/entity/Q3805	Amman	http://www.wikidata.org/entity/Q203722	Jordanian dinar	89341	10428241	http://www.wikidata.org/entity/Q48	Asia
http://www.wikidata.org/entity/Q817	Kuwait	http://www.wikidata.org/entity/Q35178	Kuwait City	http://www.wikidata.org/entity/Q193098	Kuwaiti dinar	17818	4600000	http://www.wikidata.org/entity/Q48	Asia
http://www.wikidata.org/entity/Q43	Turkey	http://www.wikidata.org/entity/Q3640	Ankara	http://www.wikidata.org/entity/Q172872	Turkish lira	783562	83614362	http://www.wikidata.org/entity/Q5401	Eurasia
http://www.wikidata.org/entity/Q805	Yemen	http://www.wikidata.org/entity/Q2471	Sanaa	http://www.wikidata.org/entity/Q240512	Yemeni rial	555000	28250420	http://www.wikidata.org/entity/Q48	Asia
http://www.wikidata.org/entity/Q79	Egypt	http://www.wikidata.org/entity/Q85	Cairo	http://www.wikidata.org/entity/Q199462	Egyptian pound	1010407.87	94798827	http://www.wikidata.org/entity/Q48	Asia
http://www.wikidata.org/entity/Q819	Laos	http://www.wikidata.org/entity/Q9326	Vientiane	http://www.wikidata.org/entity/Q200055	Lao kip	236800	6858160	http://www.wikidata.org/entity/Q48	Asia
http://www.wikidata.org/entity/Q805	Yemen	http://www.wikidata.org/entity/Q131694	Aden	http://www.wikidata.org/entity/Q240512	Yemeni rial	555000	28250420	http://www.wikidata.org/entity/Q48	Asia
http://www.wikidata.org/entity/Q43	Turkey	http://www.wikidata.org/entity/Q3640	Ankara	http://www.wikidata.org/entity/Q172872	Turkish lira	783562	83614362	http://www.wikidata.org/entity/Q48	Asia
http://www.wikidata.org/entity/Q813	Kyrgyzstan	http://www.wikidata.org/entity/Q9361	Bishkek	http://www.wikidata.org/entity/Q35881	Kyrgyzstani som	199951	6201500	http://www.wikidata.org/entity/Q48	Asia
http://www.wikidata.org/entity/Q39	Switzerland	http://www.wikidata.org/entity/Q70	Bern	http://www.wikidata.org/entity/Q25344	Swiss franc	41285	8466017	http://www.wikidata.org/entity/Q46	Europe
http://www.wikidata.org/entity/Q159	Russia	http://www.wikidata.org/entity/Q649	Moscow	http://www.wikidata.org/entity/Q41044	Russian ruble	17125191	146804372	http://www.wikidata.org/entity/Q46	Europe
http://www.wikidata.org/entity/Q822	Lebanon	http://www.wikidata.org/entity/Q3820	Beirut	http://www.wikidata.org/entity/Q201880	Lebanese pound	10452	6100075	http://www.wikidata.org/entity/Q48	Asia
http://www.wikidata.org/entity/Q77	Uruguay	http://www.wikidata.org/entity/Q1335	Montevideo	http://www.wikidata.org/entity/Q209272	Uruguayan peso	176215	3456750	http://www.wikidata.org/entity/Q18	South America
http://www.wikidata.org/entity/Q159	Russia	http://www.wikidata.org/entity/Q649	Moscow	http://www.wikidata.org/entity/Q41044	Russian ruble	17125191	146804372	http://www.wikidata.org/entity/Q48	Asia
http://www.wikidata.org/entity/Q96	Mexico	http://www.wikidata.org/entity/Q1489	Mexico City	http://www.wikidata.org/entity/Q4730	Mexican peso	1972550	124777324	http://www.wikidata.org/entity/Q49	North America
http://www.wikidata.org/entity/Q145	United Kingdom	http://www.wikidata.org/entity/Q84	London	http://www.wikidata.org/entity/Q25224	pound sterling	242495.406794	66022273	http://www.wikidata.org/entity/Q46	Europe
http://www.wikidata.org/entity/Q145	United Kingdom	http://www.wikidata.org/entity/Q84	London	http://www.wikidata.org/entity/Q25224	pound sterling	242495.406794	66022273	http://www.wikidata.org/entity/Q46	Europe
http://www.wikidata.org/entity/Q833	Malaysia	http://www.wikidata.org/entity/Q1865	Kuala Lumpur	http://www.wikidata.org/entity/Q163712	Malaysian ringgit	330290	31624264	http://www.wikidata.org/entity/Q48	Asia
http://www.wikidata.org/entity/Q142	France	http://www.wikidata.org/entity/Q90	Paris	http://www.wikidata.org/entity/Q4916	euro	643801	66628000	http://www.wikidata.org/entity/Q46	Europe
http://www.wikidata.org/entity/Q148	People's Republic of China	http://www.wikidata.org/entity/Q956	Beijing	http://www.wikidata.org/entity/Q39099	renminbi	9596961	1409517397	http://www.wikidata.org/entity/Q48	Asia
http://www.wikidata.org/entity/Q148	People's Republic of China	http://www.wikidata.org/entity/Q956	Beijing	http://www.wikidata.org/entity/Q39099	renminbi	9596961	1443497378	http://www.wikidata.org/entity/Q48	Asia
http://www.wikidata.org/entity/Q115	Ethiopia	http://www.wikidata.org/entity/Q3624	Addis Ababa	http://www.wikidata.org/entity/Q206243	birr	1104300	104957438	http://www.wikidata.org/entity/Q15	Africa
http://www.wikidata.org/entity/Q790	Haiti	http://www.wikidata.org/entity/Q34261	Port-au-Prince	http://www.wikidata.org/entity/Q203955	gourde	27750	10981229	http://www.wikidata.org/entity/Q49	North America
http://www.wikidata.org/entity/Q184	Belarus	http://www.wikidata.org/entity/Q2280	Minsk	http://www.wikidata.org/entity/Q160680	Belarusian ruble	207595	9349645	http://www.wikidata.org/entity/Q46	Europe
http://www.wikidata.org/entity/Q184	Belarus	http://www.wikidata.org/entity/Q2280	Minsk	http://www.wikidata.org/entity/Q160680	Belarusian ruble	207600.496983	9349645	http://www.wikidata.org/entity/Q46	Europe
http://www.wikidata.org/entity/Q826	Maldives	http://www.wikidata.org/entity/Q9347	Malé	http://www.wikidata.org/entity/Q206600	Maldivian rufiyaa	298	436330	http://www.wikidata.org/entity/Q48	Asia
http://www.wikidata.org/entity/Q843	Pakistan	http://www.wikidata.org/entity/Q1362	Islamabad	http://www.wikidata.org/entity/Q188289	Pakistani rupee	881913	216565318	http://www.wikidata.org/entity/Q48	Asia
http://www.wikidata.org/entity/Q854	Sri Lanka	http://www.wikidata.org/entity/Q41963	Sri Jayawardenepura Kotte	http://www.wikidata.org/entity/Q4596	Sri Lankan rupee	65610	21444000	http://www.wikidata.org/entity/Q48	Asia
http://www.wikidata.org/entity/Q878	United Arab Emirates	http://www.wikidata.org/entity/Q1519	Abu Dhabi	http://www.wikidata.org/entity/Q200294	United Arab Emirates dirham	83600	9400145	http://www.wikidata.org/entity/Q48	Asia
http://www.wikidata.org/entity/Q155	Brazil	http://www.wikidata.org/entity/Q2844	Brasília	http://www.wikidata.org/entity/Q173117	Brazilian real	8515767	210147125	http://www.wikidata.org/entity/Q18	South America
http://www.wikidata.org/entity/Q837	Nepal	http://www.wikidata.org/entity/Q3037	Kathmandu	http://www.wikidata.org/entity/Q202895	Nepalese rupee	147181.254346	30327877	http://www.wikidata.org/entity/Q48	Asia
http://www.wikidata.org/entity/Q117	Ghana	http://www.wikidata.org/entity/Q3761	Accra	http://www.wikidata.org/entity/Q183530	Ghana cedi	238535	26908262	http://www.wikidata.org/entity/Q15	Africa
http://www.wikidata.org/entity/Q183	Germany	http://www.wikidata.org/entity/Q64	Berlin	http://www.wikidata.org/entity/Q4916	euro	357400	83149300	http://www.wikidata.org/entity/Q46	Europe
http://www.wikidata.org/entity/Q851	Saudi Arabia	http://www.wikidata.org/entity/Q3692	Riyadh	http://www.wikidata.org/entity/Q199857	Saudi riyal	2250000	33000000	http://www.wikidata.org/entity/Q48	Asia
http://www.wikidata.org/entity/Q846	Qatar	http://www.wikidata.org/entity/Q3861	Doha	http://www.wikidata.org/entity/Q206386	Qatari riyal	11437	2639211	http://www.wikidata.org/entity/Q48	Asia
http://www.wikidata.org/entity/Q212	Ukraine	http://www.wikidata.org/entity/Q1899	Kyiv	http://www.wikidata.org/entity/Q81893	hryvnia	603629	42558328	http://www.wikidata.org/entity/Q46	Europe
http://www.wikidata.org/entity/Q863	Tajikistan	http://www.wikidata.org/entity/Q9365	Dushanbe	http://www.wikidata.org/entity/Q199886	Tajikistani somoni	143100	8921343	http://www.wikidata.org/entity/Q48	Asia
http://www.wikidata.org/entity/Q836	Myanmar	http://www.wikidata.org/entity/Q37400	Naypyidaw	http://www.wikidata.org/entity/Q201875	kyat	676577.2	53370609	http://www.wikidata.org/entity/Q48	Asia
http://www.wikidata.org/entity/Q215	Slovenia	http://www.wikidata.org/entity/Q437	Ljubljana	http://www.wikidata.org/entity/Q4916	euro	20273	2066880	http://www.wikidata.org/entity/Q46	Europe
http://www.wikidata.org/entity/Q217	Moldova	http://www.wikidata.org/entity/Q21197	Chișinău	http://www.wikidata.org/entity/Q181129	Moldovan leu	33846	2550900	http://www.wikidata.org/entity/Q46	Europe
http://www.wikidata.org/entity/Q854	Sri Lanka	http://www.wikidata.org/entity/Q35381	Colombo	http://www.wikidata.org/entity/Q4596	Sri Lankan rupee	65610	21444000	http://www.wikidata.org/entity/Q48	Asia
http://www.wikidata.org/entity/Q189	Iceland	http://www.wikidata.org/entity/Q1764	Reykjavík	http://www.wikidata.org/entity/Q131473	Icelandic króna	103004	357050	http://www.wikidata.org/entity/Q46	Europe
http://www.wikidata.org/entity/Q874	Turkmenistan	http://www.wikidata.org/entity/Q23438	Ashgabat	http://www.wikidata.org/entity/Q486637	Turkmenistan manat	491210	5850901	http://www.wikidata.org/entity/Q48	Asia
http://www.wikidata.org/entity/Q954	Zimbabwe	http://www.wikidata.org/entity/Q3921	Harare	http://www.wikidata.org/entity/Q4917	United States dollar	390757	16529904	http://www.wikidata.org/entity/Q15	Africa
http://www.wikidata.org/entity/Q948	Tunisia	http://www.wikidata.org/entity/Q3572	Tunis	http://www.wikidata.org/entity/Q4602	Tunisian dinar	163610	11565204	http://www.wikidata.org/entity/Q15	Africa
http://www.wikidata.org/entity/Q213	Czech Republic	http://www.wikidata.org/entity/Q1085	Prague	http://www.wikidata.org/entity/Q131016	Czech koruna	78866	10701777	http://www.wikidata.org/entity/Q46	Europe
http://www.wikidata.org/entity/Q214	Slovakia	http://www.wikidata.org/entity/Q1780	Bratislava	http://www.wikidata.org/entity/Q4916	euro	49035	5397036	http://www.wikidata.org/entity/Q46	Europe
http://www.wikidata.org/entity/Q865	Taiwan	http://www.wikidata.org/entity/Q1867	Taipei	http://www.wikidata.org/entity/Q208526	New Taiwan dollar	36193	23593794	http://www.wikidata.org/entity/Q48	Asia
http://www.wikidata.org/entity/Q211	Latvia	http://www.wikidata.org/entity/Q1773	Riga	http://www.wikidata.org/entity/Q4916	euro	64589	1909000	http://www.wikidata.org/entity/Q46	Europe
http://www.wikidata.org/entity/Q842	Oman	http://www.wikidata.org/entity/Q3826	Muscat	http://www.wikidata.org/entity/Q272290	Omani rial	309500	4829480	http://www.wikidata.org/entity/Q48	Asia
http://www.wikidata.org/entity/Q881	Vietnam	http://www.wikidata.org/entity/Q1858	Hanoi	http://www.wikidata.org/entity/Q192090	Vietnamese dong	331690	94660000	http://www.wikidata.org/entity/Q48	Asia
http://www.wikidata.org/entity/Q191	Estonia	http://www.wikidata.org/entity/Q1770	Tallinn	http://www.wikidata.org/entity/Q4916	euro	45339	1324820	http://www.wikidata.org/entity/Q46	Europe
http://www.wikidata.org/entity/Q921	Brunei	http://www.wikidata.org/entity/Q9279	Bandar Seri Begawan	http://www.wikidata.org/entity/Q206319	Brunei dollar	5765.313533	428697	http://www.wikidata.org/entity/Q48	Asia
http://www.wikidata.org/entity/Q224	Croatia	http://www.wikidata.org/entity/Q1435	Zagreb	http://www.wikidata.org/entity/Q26360	Croatian kuna	56594	4105493	http://www.wikidata.org/entity/Q46	Europe
http://www.wikidata.org/entity/Q912	Mali	http://www.wikidata.org/entity/Q3703	Bamako	http://www.wikidata.org/entity/Q861690	West African CFA franc	1240192	18541980	http://www.wikidata.org/entity/Q15	Africa
http://www.wikidata.org/entity/Q929	Central African Republic	http://www.wikidata.org/entity/Q3832	Bangui	http://www.wikidata.org/entity/Q847739	Central African CFA franc	622984	4659080	http://www.wikidata.org/entity/Q15	Africa
http://www.wikidata.org/entity/Q218	Romania	http://www.wikidata.org/entity/Q19660	Bucharest	http://www.wikidata.org/entity/Q131645	Romanian leu	238397	19586539	http://www.wikidata.org/entity/Q46	Europe
http://www.wikidata.org/entity/Q945	Togo	http://www.wikidata.org/entity/Q3792	Lomé	http://www.wikidata.org/entity/Q861690	West African CFA franc	56785	7797694	http://www.wikidata.org/entity/Q15	Africa
http://www.wikidata.org/entity/Q219	Bulgaria	http://www.wikidata.org/entity/Q472	Sofia	http://www.wikidata.org/entity/Q172540	Bulgarian lev	110993.6	7000039	http://www.wikidata.org/entity/Q46	Europe
http://www.wikidata.org/entity/Q958	South Sudan	http://www.wikidata.org/entity/Q1947	Juba	http://www.wikidata.org/entity/Q244366	South Sudanese pound	619745.304981	12575714	http://www.wikidata.org/entity/Q15	Africa
http://www.wikidata.org/entity/Q953	Zambia	http://www.wikidata.org/entity/Q3881	Lusaka	http://www.wikidata.org/entity/Q73408	Zambian kwacha	752618	17094130	http://www.wikidata.org/entity/Q15	Africa
http://www.wikidata.org/entity/Q924	Tanzania	http://www.wikidata.org/entity/Q3866	Dodoma	http://www.wikidata.org/entity/Q4589	Tanzanian shilling	947303	57310019	http://www.wikidata.org/entity/Q15	Africa
http://www.wikidata.org/entity/Q889	Afghanistan	http://www.wikidata.org/entity/Q5838	Kabul	http://www.wikidata.org/entity/Q199471	Afghan afghani	652230	36643815	http://www.wikidata.org/entity/Q48	Asia
http://www.wikidata.org/entity/Q221	North Macedonia	http://www.wikidata.org/entity/Q384	Skopje	http://www.wikidata.org/entity/Q177875	denar	25713	2075301	http://www.wikidata.org/entity/Q46	Europe
http://www.wikidata.org/entity/Q858	Syria	http://www.wikidata.org/entity/Q3766	Damascus	http://www.wikidata.org/entity/Q240468	Syrian pound	185180	18499181	http://www.wikidata.org/entity/Q48	Asia
http://www.wikidata.org/entity/Q869	Thailand	http://www.wikidata.org/entity/Q1861	Bangkok	http://www.wikidata.org/entity/Q177882	baht	513119.5	65931550	http://www.wikidata.org/entity/Q48	Asia
http://www.wikidata.org/entity/Q884	South Korea	http://www.wikidata.org/entity/Q8684	Seoul	http://www.wikidata.org/entity/Q202040	South Korean won	100295	51466201	http://www.wikidata.org/entity/Q48	Asia
http://www.wikidata.org/entity/Q884	South Korea	http://www.wikidata.org/entity/Q8684	Seoul	http://www.wikidata.org/entity/Q3867091	Korean mun	100295	51466201	http://www.wikidata.org/entity/Q48	Asia
http://www.wikidata.org/entity/Q962	Benin	http://www.wikidata.org/entity/Q3799	Porto-Novo	http://www.wikidata.org/entity/Q861690	West African CFA franc	114763	11175692	http://www.wikidata.org/entity/Q15	Africa
http://www.wikidata.org/entity/Q928	Philippines	http://www.wikidata.org/entity/Q1461	Manila	http://www.wikidata.org/entity/Q17193	Philippine peso	343448	109035343	http://www.wikidata.org/entity/Q48	Asia
http://www.wikidata.org/entity/Q917	Bhutan	http://www.wikidata.org/entity/Q9270	Thimphu	http://www.wikidata.org/entity/Q201799	ngultrum	38394	807610	http://www.wikidata.org/entity/Q48	Asia
http://www.wikidata.org/entity/Q227	Azerbaijan	http://www.wikidata.org/entity/Q9248	Baku	http://www.wikidata.org/entity/Q483725	Azerbaijani manat	86600	10127874	http://www.wikidata.org/entity/Q46	Europe
http://www.wikidata.org/entity/Q225	Bosnia and Herzegovina	http://www.wikidata.org/entity/Q11194	Sarajevo	http://www.wikidata.org/entity/Q179620	convertible mark	51197	3507017	http://www.wikidata.org/entity/Q46	Europe
http://www.wikidata.org/entity/Q967	Burundi	http://www.wikidata.org/entity/Q167551	Gitega	http://www.wikidata.org/entity/Q238007	Burundian franc	27834	11530580	http://www.wikidata.org/entity/Q15	Africa
http://www.wikidata.org/entity/Q916	Angola	http://www.wikidata.org/entity/Q3897	Luanda	http://www.wikidata.org/entity/Q200337	kwanza	1246700	29784193	http://www.wikidata.org/entity/Q15	Africa
http://www.wikidata.org/entity/Q965	Burkina Faso	http://www.wikidata.org/entity/Q3777	Ouagadougou	http://www.wikidata.org/entity/Q861690	West African CFA franc	274200	19193382	http://www.wikidata.org/entity/Q15	Africa
http://www.wikidata.org/entity/Q222	Albania	http://www.wikidata.org/entity/Q19689	Tirana	http://www.wikidata.org/entity/Q125999	Albanian lek	28748	3020209	http://www.wikidata.org/entity/Q46	Europe
http://www.wikidata.org/entity/Q230	Georgia	http://www.wikidata.org/entity/Q994	Tbilisi	http://www.wikidata.org/entity/Q4608	Georgian lari	69700	3717100	http://www.wikidata.org/entity/Q46	Europe
http://www.wikidata.org/entity/Q902	Bangladesh	http://www.wikidata.org/entity/Q1354	Dhaka	http://www.wikidata.org/entity/Q194453	Bangladeshi taka	147570	165775000	http://www.wikidata.org/entity/Q48	Asia
http://www.wikidata.org/entity/Q227	Azerbaijan	http://www.wikidata.org/entity/Q9248	Baku	http://www.wikidata.org/entity/Q483725	Azerbaijani manat	86600	10127874	http://www.wikidata.org/entity/Q48	Asia
http://www.wikidata.org/entity/Q974	Democratic Republic of the Congo	http://www.wikidata.org/entity/Q3838	Kinshasa	http://www.wikidata.org/entity/Q4734	Congolese franc	2344858	86790567	http://www.wikidata.org/entity/Q15	Africa
http://www.wikidata.org/entity/Q230	Georgia	http://www.wikidata.org/entity/Q994	Tbilisi	http://www.wikidata.org/entity/Q4608	Georgian lari	69700	3717100	http://www.wikidata.org/entity/Q48	Asia
http://www.wikidata.org/entity/Q977	Djibouti	http://www.wikidata.org/entity/Q3604	Djibouti	http://www.wikidata.org/entity/Q4594	Djiboutian franc	23200	956985	http://www.wikidata.org/entity/Q15	Africa
http://www.wikidata.org/entity/Q238	San Marino	http://www.wikidata.org/entity/Q1848	San Marino	http://www.wikidata.org/entity/Q4916	euro	61.2	33400	http://www.wikidata.org/entity/Q46	Europe
http://www.wikidata.org/entity/Q228	Andorra	http://www.wikidata.org/entity/Q1863	Andorra la Vella	http://www.wikidata.org/entity/Q4916	euro	468	76177	http://www.wikidata.org/entity/Q46	Europe
http://www.wikidata.org/entity/Q229	Cyprus	http://www.wikidata.org/entity/Q3856	Nicosia	http://www.wikidata.org/entity/Q4916	euro	9242.45	1141166	http://www.wikidata.org/entity/Q48	Asia
http://www.wikidata.org/entity/Q1006	Guinea	http://www.wikidata.org/entity/Q3733	Conakry	http://www.wikidata.org/entity/Q213311	Guinean franc	245857	12717176	http://www.wikidata.org/entity/Q15	Africa
http://www.wikidata.org/entity/Q229	Cyprus	http://www.wikidata.org/entity/Q3856	Nicosia	http://www.wikidata.org/entity/Q4916	euro	9242.45	1141166	http://www.wikidata.org/entity/Q46	Europe
http://www.wikidata.org/entity/Q252	Indonesia	http://www.wikidata.org/entity/Q3630	Jakarta	http://www.wikidata.org/entity/Q41588	rupiah	1904570	270625568	http://www.wikidata.org/entity/Q48	Asia
http://www.wikidata.org/entity/Q1008	Ivory Coast	http://www.wikidata.org/entity/Q3768	Yamoussoukro	http://www.wikidata.org/entity/Q861690	West African CFA franc	322463	24294750	http://www.wikidata.org/entity/Q15	Africa
http://www.wikidata.org/entity/Q1007	Guinea-Bissau	http://www.wikidata.org/entity/Q3739	Bissau	http://www.wikidata.org/entity/Q861690	West African CFA franc	36125	1861283	http://www.wikidata.org/entity/Q15	Africa
http://www.wikidata.org/entity/Q971	Republic of the Congo	http://www.wikidata.org/entity/Q3844	Brazzaville	http://www.wikidata.org/entity/Q847739	Central African CFA franc	342000	5260750	http://www.wikidata.org/entity/Q15	Africa
http://www.wikidata.org/entity/Q232	Kazakhstan	http://www.wikidata.org/entity/Q1520	Nur-Sultan	http://www.wikidata.org/entity/Q173751	Kazakhstani tenge	2724900	18276500	http://www.wikidata.org/entity/Q46	Europe
http://www.wikidata.org/entity/Q970	Comoros	http://www.wikidata.org/entity/Q3901	Moroni	http://www.wikidata.org/entity/Q267264	Comorian franc	2034	823652	http://www.wikidata.org/entity/Q15	Africa
http://www.wikidata.org/entity/Q244	Barbados	http://www.wikidata.org/entity/Q36168	Bridgetown	http://www.wikidata.org/entity/Q194351	Barbadian dollar	439	285719	http://www.wikidata.org/entity/Q49	North America
http://www.wikidata.org/entity/Q244	Barbados	http://www.wikidata.org/entity/Q36168	Bridgetown	http://www.wikidata.org/entity/Q194351	Barbadian dollar	439	285719	http://www.wikidata.org/entity/Q49	North America
http://www.wikidata.org/entity/Q252	Indonesia	http://www.wikidata.org/entity/Q3630	Jakarta	http://www.wikidata.org/entity/Q41588	rupiah	1904570	270625568	http://www.wikidata.org/entity/Q538	insular Oceania
http://www.wikidata.org/entity/Q242	Belize	http://www.wikidata.org/entity/Q3043	Belmopan	http://www.wikidata.org/entity/Q275112	Belize dollar	22966	374681	http://www.wikidata.org/entity/Q49	North America
http://www.wikidata.org/entity/Q1011	Cape Verde	http://www.wikidata.org/entity/Q3751	Praia	http://www.wikidata.org/entity/Q4591	Cape Verdean escudo	4033	546388	http://www.wikidata.org/entity/Q15	Africa
http://www.wikidata.org/entity/Q1013	Lesotho	http://www.wikidata.org/entity/Q3909	Maseru	http://www.wikidata.org/entity/Q181907	South African rand	30355	2233339	http://www.wikidata.org/entity/Q15	Africa
http://www.wikidata.org/entity/Q983	Equatorial Guinea	http://www.wikidata.org/entity/Q3818	Malabo	http://www.wikidata.org/entity/Q847739	Central African CFA franc	28051	1267689	http://www.wikidata.org/entity/Q15	Africa
http://www.wikidata.org/entity/Q233	Malta	http://www.wikidata.org/entity/Q23800	Valletta	http://www.wikidata.org/entity/Q4916	euro	316	465292	http://www.wikidata.org/entity/Q46	Europe
http://www.wikidata.org/entity/Q1009	Cameroon	http://www.wikidata.org/entity/Q3808	Yaoundé	http://www.wikidata.org/entity/Q847739	Central African CFA franc	475442	24053727	http://www.wikidata.org/entity/Q15	Africa
http://www.wikidata.org/entity/Q1005	The Gambia	http://www.wikidata.org/entity/Q3726	Banjul	http://www.wikidata.org/entity/Q202885	dalasi	11300	2100568	http://www.wikidata.org/entity/Q15	Africa
http://www.wikidata.org/entity/Q258	South Africa	http://www.wikidata.org/entity/Q3926	Pretoria	http://www.wikidata.org/entity/Q181907	South African rand	1221037	59622350	http://www.wikidata.org/entity/Q15	Africa
http://www.wikidata.org/entity/Q963	Botswana	http://www.wikidata.org/entity/Q3919	Gaborone	http://www.wikidata.org/entity/Q186794	Botswana pula	581737	2291661	http://www.wikidata.org/entity/Q15	Africa
http://www.wikidata.org/entity/Q258	South Africa	http://www.wikidata.org/entity/Q5465	Cape Town	http://www.wikidata.org/entity/Q181907	South African rand	1221037	59622350	http://www.wikidata.org/entity/Q15	Africa
http://www.wikidata.org/entity/Q232	Kazakhstan	http://www.wikidata.org/entity/Q1520	Nur-Sultan	http://www.wikidata.org/entity/Q173751	Kazakhstani tenge	2724900	18276500	http://www.wikidata.org/entity/Q48	Asia
http://www.wikidata.org/entity/Q258	South Africa	http://www.wikidata.org/entity/Q37701	Bloemfontein	http://www.wikidata.org/entity/Q181907	South African rand	1221037	59622350	http://www.wikidata.org/entity/Q15	Africa
http://www.wikidata.org/entity/Q265	Uzbekistan	http://www.wikidata.org/entity/Q269	Tashkent	http://www.wikidata.org/entity/Q487888	Uzbekistani som	448978	33570609	http://www.wikidata.org/entity/Q48	Asia
http://www.wikidata.org/entity/Q262	Algeria	http://www.wikidata.org/entity/Q3561	Algiers	http://www.wikidata.org/entity/Q199674	Algerian dinar	2381741	41318142	http://www.wikidata.org/entity/Q15	Africa
http://www.wikidata.org/entity/Q334	Singapore	http://www.wikidata.org/entity/Q334	Singapore	http://www.wikidata.org/entity/Q190951	Singapore dollar	719.1	5888926	http://www.wikidata.org/entity/Q48	Asia
http://www.wikidata.org/entity/Q1000	Gabon	http://www.wikidata.org/entity/Q3825	Libreville	http://www.wikidata.org/entity/Q847739	Central African CFA franc	267667	2025137	http://www.wikidata.org/entity/Q15	Africa
http://www.wikidata.org/entity/Q298	Chile	http://www.wikidata.org/entity/Q2887	Santiago	http://www.wikidata.org/entity/Q200050	Chilean peso	756102	18054726	http://www.wikidata.org/entity/Q18	South America
http://www.wikidata.org/entity/Q399	Armenia	http://www.wikidata.org/entity/Q1953	Yerevan	http://www.wikidata.org/entity/Q130498	Armenian dram	29743.423459	2930450	http://www.wikidata.org/entity/Q46	Europe
http://www.wikidata.org/entity/Q241	Cuba	http://www.wikidata.org/entity/Q1563	Havana	http://www.wikidata.org/entity/Q201505	Cuban peso	109884	11484636	http://www.wikidata.org/entity/Q49	North America
http://www.wikidata.org/entity/Q241	Cuba	http://www.wikidata.org/entity/Q1563	Havana	http://www.wikidata.org/entity/Q731350	United States Dolar	109884	11484636	http://www.wikidata.org/entity/Q49	North America
http://www.wikidata.org/entity/Q399	Armenia	http://www.wikidata.org/entity/Q1953	Yerevan	http://www.wikidata.org/entity/Q130498	Armenian dram	29743.423459	2930450	http://www.wikidata.org/entity/Q48	Asia
http://www.wikidata.org/entity/Q398	Bahrain	http://www.wikidata.org/entity/Q3882	Manama	http://www.wikidata.org/entity/Q201871	Bahraini dinar	785.08	1492584	http://www.wikidata.org/entity/Q48	Asia
http://www.wikidata.org/entity/Q408	Australia	http://www.wikidata.org/entity/Q3114	Canberra	http://www.wikidata.org/entity/Q259502	Australian dollar	7692024	24511800	http://www.wikidata.org/entity/Q538	insular Oceania
http://www.wikidata.org/entity/Q408	Australia	http://www.wikidata.org/entity/Q3114	Canberra	http://www.wikidata.org/entity/Q259502	Australian dollar	7692024	24511800	http://www.wikidata.org/entity/Q538	insular Oceania
http://www.wikidata.org/entity/Q347	Liechtenstein	http://www.wikidata.org/entity/Q1844	Vaduz	http://www.wikidata.org/entity/Q25344	Swiss franc	160	37922	http://www.wikidata.org/entity/Q46	Europe
http://www.wikidata.org/entity/Q235	Monaco	http://www.wikidata.org/entity/Q55115	Monaco City	http://www.wikidata.org/entity/Q4916	euro	2.02	38695	http://www.wikidata.org/entity/Q46	Europe
http://www.wikidata.org/entity/Q236	Montenegro	http://www.wikidata.org/entity/Q23564	Podgorica	http://www.wikidata.org/entity/Q4916	euro	13812	622359	http://www.wikidata.org/entity/Q46	Europe
http://www.wikidata.org/entity/Q986	Eritrea	http://www.wikidata.org/entity/Q3642	Asmara	http://www.wikidata.org/entity/Q171503	nakfa	117600	3497000	http://www.wikidata.org/entity/Q15	Africa
http://www.wikidata.org/entity/Q403	Serbia	http://www.wikidata.org/entity/Q3711	Belgrade	http://www.wikidata.org/entity/Q172524	Serbian dinar	88361	7022268	http://www.wikidata.org/entity/Q46	Europe
http://www.wikidata.org/entity/Q574	East Timor	http://www.wikidata.org/entity/Q9310	Dili	http://www.wikidata.org/entity/Q572213	East Timor centavo coins	14918.72	1296311	http://www.wikidata.org/entity/Q48	Asia
http://www.wikidata.org/entity/Q574	East Timor	http://www.wikidata.org/entity/Q9310	Dili	http://www.wikidata.org/entity/Q4917	United States dollar	14918.72	1296311	http://www.wikidata.org/entity/Q48	Asia
http://www.wikidata.org/entity/Q657	Chad	http://www.wikidata.org/entity/Q3659	N'Djamena	http://www.wikidata.org/entity/Q847739	Central African CFA franc	1284000	15477751	http://www.wikidata.org/entity/Q15	Africa
http://www.wikidata.org/entity/Q423	North Korea	http://www.wikidata.org/entity/Q18808	Pyongyang	http://www.wikidata.org/entity/Q106720	North Korean won	120540	25490965	http://www.wikidata.org/entity/Q48	Asia
http://www.wikidata.org/entity/Q423	North Korea	http://www.wikidata.org/entity/Q18808	Pyongyang	http://www.wikidata.org/entity/Q106720	North Korean won	120540	25490965	http://www.wikidata.org/entity/Q48	Asia
http://www.wikidata.org/entity/Q424	Cambodia	http://www.wikidata.org/entity/Q1850	Phnom Penh	http://www.wikidata.org/entity/Q204737	riel	181035	16005373	http://www.wikidata.org/entity/Q48	Asia
http://www.wikidata.org/entity/Q414	Argentina	http://www.wikidata.org/entity/Q1486	Buenos Aires	http://www.wikidata.org/entity/Q199578	Argentine peso	2780400	44938712	http://www.wikidata.org/entity/Q18	South America
http://www.wikidata.org/entity/Q664	New Zealand	http://www.wikidata.org/entity/Q23661	Wellington	http://www.wikidata.org/entity/Q1472704	New Zealand dollar	268021	5112300	http://www.wikidata.org/entity/Q538	insular Oceania
http://www.wikidata.org/entity/Q664	New Zealand	http://www.wikidata.org/entity/Q23661	Wellington	http://www.wikidata.org/entity/Q1472704	New Zealand dollar	268021	5112300	http://www.wikidata.org/entity/Q538	insular Oceania
http://www.wikidata.org/entity/Q419	Peru	http://www.wikidata.org/entity/Q2868	Lima	http://www.wikidata.org/entity/Q204656	Peruvian sol	1285216	29381884	http://www.wikidata.org/entity/Q18	South America
